owner,balance
A6KV7svZiqb4pNmygbbdyzGC5vC5H3Y2uAvH7DNFxSL3,2
CgbkiF6MRgdSoBVvfD78snEeZBhEJZ3zT3xqCGjgEoFn,2
3vsmfRB5DGsUk9Yof6kKbqUN2o7PnccqPdcd7BFyEyWa,2
BB4S5NwfatDdUMD9TAf4x3XpRZTvdaBxFZp5gM6yHw8b,2
25hNBcpYF2tADaoZ7thLR8SXM8cW2W6DXBi8HELQcxSY,2
CV96Kjck38g8vB4pjNC6C2S3XNNUSj9CDRrpSDygAyra,2
FzctqgmqJ7SPwxFWnWEmTiqmvvkcSNWWy6Fi4nZEVY52,2
3HVBEenbQcoH6671x4RkVGkB1m8X1ZLmLiBxfHYmVooS,2
GZqsnHw8WVfJEtfzmE1RwJ8kWcXL2wVyoZpE5FQiVu6b,2
rVXv6rg8wHnoEtr5eqRV6m5D91VN31C5gpRgoS9bf12,2
HzZKZ9Rwvb86uNHyFQLBZmqU7DQ3oayFwgyP17hsFEHJ,2
AKr1yFSrc84MtooBP852HoYTCXhMBUnKwdC9ETzaoGsN,2
EyL15kqDNpWEdQqpYDuoqKxnPGLVZiTMQrfJb9Utk3oV,2
EVXcD7TSWRW9s5pJyKe8rtsRwcEWjF7qtNhjcUVB2hGu,2
8JmGaWr4zcyzSiJHaSWDRds96Ld2idufWUAsNsHs1MCq,2
GsDFA62WBmS3kz6To23VaBgurn2EfVvmVQoMyupETaSH,2
FZGguU93nLjFnKKoiS8bB6bgVrvEQi5MP7HoqBpTsDXJ,2
AYQxH5Hzsz9X4GfvGQFgWYiJDsy2dGSsAJJkRNp3dvNn,2
6Ma3c9PVvpD7haUZLVmWc4aWiFYn5co2DJsESbaErSCa,2
4kmQYfsCgADU8GSXQP8SWQ4PTMMrzvteHR3n7uHax4HE,2
cstotaPNoTVnHn4gii71SNceop5JVjABMojtgJr3VBn,2
W34kxhVhkY85rYBKGssyRCBfBJnPjGncBmYWLoiD3BS,2
BgjTj8K51uCvs3wHSQJkJ2wy4yDfCZETUwjXwpg2gE3F,2
46HL9kNBeRPNAki5zndEJjw3G9sgwM3wvDzxquUjMmjX,2
2sLyV9DQtshXXu84smSefxA3MMheJKWeD3tG3q1vmkbG,2
HEiGArYDo1UC8fTp1MvqvqVReJKV7VHLgk33uk2mPbrD,2
3hXzND59m8NLy8DPcG6W61xWSCgTRQ8c5zLKcKSvEsiA,2
HQ3GFPxUHfBiA5sDpeBX5cDDTZVKrmXNCxxUpZPepWa,2
7VTDcapthbd4cf2myUmqsm7zwdqGhnfsAmvJAJjjvdHK,2
FQ1pTSNAtrx77DAKtwoEqoR2b2ur7qhpprurJS7m2j17,2
3rjonh1HP9fDPshdfokYxJHriLN9dwtRTZVqkNaq2LVf,2
8tcby4WYCRR3ZS5fnFzgJNKmVaxuMkR7VKWmtyhNApGH,2
6dryr8xAvjfAD1NE1HMKsB52w7x3tW5gsH8hUvGG3W8m,2
7UdtDEv6pUDYqUayheeEL8zYqjZHjKa1Gc3r4iRZ7DBN,2
AppNqkpKXeGb9Ni9sWhjwuAyyw2j9StSfArvzYFBwWXV,2
ArccRyq4Bsz3t9bXz9mQ2h7segyqguryKVw64675zr7b,2
4pmHAVa5g4a33gwdWXpTErpzwcbm9LbL1Q4zPi5KzFwU,2
97eU9n9WYtRzfH9qkjMcBdUZJRnsCTNBXyfFKtCdKhbR,2
AAEiDRykCX8AA36u39jGYezbBUkD34pXeZS6hWa5tso1,2
J6565KgvJv1LY3UJDwCEx3nwbettHCwuskwZkkFSybhZ,2
BP2VAsLcq3sirwAoAJbMxhSJ592mbRdULygxXQL45KKU,2
DBLCgWBdrAJbrbHkta19yCDqzraQkrkjdaynKkBPPS3S,2
2ECYwAhoTGbDTgxvqpUyPJX6VAT191fcavJcyJ7WWud3,2
GwZLDJ8FcRDLdnuvpQggFM6d7SfesTQMJAkD2DRFb7Zp,2
8FbFW8ii4sWEDVoNdktqbhTxVTUvCZBkGKhdndGG9ZQX,2
6js31wRYEzoVqV54ztNbxFp65AVK8gyfiZnxxCg7r3WA,2
CdkwKDmg3bhocNiMRvzGWn6TcXd3iDVFPu4GnVE7uG68,2
BTsJNw6Lq1sydLmPvw6rvyb4EcyUu5roEB324Ude159c,2
AsfE8PbBc2eEKFqvWiouLXXcz9djj9aQw12Y6cZWz7Uz,2
8aZ8QvgZyxjEL9ufJy1C1TYfcq1eZu25MFzacGv9yGhU,2
6zoWzdWH8UfGEBqdT3s9z3CmTHME62UrGpaG94QsLcKT,2
EpCXGtmWh9cJf9YBT73cUkCegwFGmdyVKKgiWEr99xnw,2
Baa4FKeupJYgCDd2owCo6NUovCoFwE115dssv1MFyPei,2
5w4ShVajkTxagPGT2p6P4zFYJD3Tg6PSLQsnJsrWGu51,2
J4vzewrHkrwo2uLSrtnaNDDPUe9DiYqJrabYZNuo1ufD,2
BcLF4BugztBZk7ShnHoTV2jZwBCkyYzBWmA8QLYZxjCS,2
6Tgkoy9PcxygxUXNkr6RFibAq8FuLsME34SuocwTs4xo,2
4y5kJRhT4VYLXHB59S3HYGRTnTnFYbjpmcYsrrdXz5Vu,2
6x8MSfARuo9rsH8i4ZkjAdJAKJas2K9AHDodXw2uuCZk,2
4BYBxoVVutiubhjezWpTUfDNjXKYB6fh31NXo4Gt5uzu,2
BwPKpEuDQbzWdoB8buWc4SzBgXtz3itfECC34PVmmzmZ,2
7poFpMmxScaeBaHVogozVoEpgDRdk9UWini3VqsMweVQ,2
CerLc2wXJqkxLkVpkQPyyFEaBbJHt7JoMpBQ2YJLKxhX,2
HjPFiGtk93eq3NwpFsePMXRJNtc6KHqPuWGx5xXnr5d6,2
AV9tGcyxNzQFRDYV9EwTCn8HKf9zb1a5zc7kDgFGBE54,2
7ruXtKoar9RJ3HyUpnoxeFGe3Yv64Du4rzNDayAbmNrF,2
QtSYQhiXNMjdB5HPGfkLpabrN5eaiLP78yYCDBqE3CC,2
4kFYTqa12W8ZWhQuCS6dqbzCirWjVuuYuyrTHPfnd12r,2
Gj9jApD3wGAyz3YYShxJ5daenTHqhSMPabFacPkm5ATp,2
7pvzjLL3njRJQ2F9LwHwNxqri6vrmCWTNkDKE7jVRD89,2
5sazktSVLPdzbciDqg9zF9bBrmmHe63nKc6nzYo6eCde,2
HDxjDfVHvjBbr8o7g92Qtex8fXskBSuo249xeMk47yds,2
3mtaVzkGvyoGH7TEuKjvFwJojHaWpQr2kjqDgVNQ6j5X,2
HZ363zVvJUgrWh4WbNxqzTwXjNYQ7UuZMZPVhVXR4B5Z,2
DShui8BjvrBPFWLzPyXcvdT9XQAKjWtCWhiU1QhnH39N,2
2Q96VngRsxPTcHCp2LADFjAHACd8Ge8qxndTirfLW5eH,2
6rrqQeXdRY5Z52NNUNXMdFRP3kfQJFwmb29Xf22ucyT7,2
AdqKsMi78ytRZmZxBfkWuaf3n4JGR6to8QyjmYaRaHAH,2
9qk1PyA2h61s4MTUcmzNv1tLjskJTgiKT76nrZiNL3RW,2
CCVCWrWKkwrm1rYc7YoBmFKmbeMH1LcjZXTt3sQ3gnBq,2
B7f3pXkmxyxXDxeooppdsZgi852vsSDHPrgi5J7GVs4K,2
9CAh8rGmyappYHxQrDx9U7of7Duu2gZ7VJfr6BXELb5A,2
FtJREfEK9dKPahqXQqqvcqzdadjJpvAG4DuZRESfjzja,2
4GZbFWjEEwvQuUdS1We1U1SEoUPf4sENDmzh4zEjhXHC,2
CDPH6LmrchB7FxcuhnjgBzcooXWiVUjxHYP8bJJ8SEuY,2
3DoWiUjop8jsSg4dK5ovXUoGirjRbfGScEaMnNmaNmgD,2
J2uRSaCKa6imTjmqPg8wSLUiNKakF6R3Rhc7PPXBnVoF,2
7MKuVUz6GngAWbudGcXtYzVV2EiTEcBtR48VZu8eohUv,2
CrwBWmxUhJzF4QWoLwu878JMrDBsy3H9u12538AokXYb,2
3WRwCpnq4B7g8uethx15HzgnE6sFDpZZgbEcKnRZQL3R,2
G7XaMfCG75VSDtqfsf2S4qoFr2GvdbAmh66em6pDx6gE,2
BfRGARfMQKHecwqmKRZfcHEZpobaeP5cYfwMm57t4Psm,2
HRR3mgAFocXWBRPdKdFLh7hDrjz6fuqCtt1URXkNb61r,2
42KJauhJGYGDSkieR9j2Zi7KknUFhiYGfZQXm4wafRxg,2
FNzqGDpKJGocxjwegkCrzCwCarCgW4Prgdz7NqvYxx6v,2
Gz9MsQs515av49eZdnepnKKSYaidomYAHiGWVxFRkzWG,2
58F59ATk6dWyh6TiLx7sZSnj98i5Gzqe4Cau1Sf9mks5,2
5toMyvYzoG4dcHoYGBJBMRCaeZEpqRu1GYdXb15uThd2,2
5Fadh11u726sXjvWV32FBpJ19TYP8GrRqrNq88UAQRrp,2
AWyLrJN1jLqhSFHPZ6gycGKk8JvParrABuuyqjRiZSXv,2
7WwfS1VSuyBU6Pqm75ejgYjubrZzL4DWDRHNsomtLV9u,2
BNPfLEwyq4o4i32okq3RfpLPvXik56DYsQ6TwKPGjVtn,2
8Q7NiazFaLR6EpcDKAsXPrFV4BdSMwbs5ZfHH8jZTbM1,2
8v3QNTXsHp7YW1UPDAfb9WwbqdXAvo6VhzuciE4Cq7pd,2
HmoTKVBgsw9UMV7KjP9LWRcZPWZDYW5QhNWxnng7DKex,2
2caafd13xieaNJyDpgYV8zzFz6vZBPkfFnoxgt1f2VZ1,2
FE5HioLPBnJtgfjnTgHPGWPVELZZaP98KAdw7xaTFvkG,2
GwTjJ6TJNtyC9Yzc1Y17Yq3UTaaWgjEuCQdvhUzRG7Dp,2
VGapWVpkUTAXoG5jdvecZkJU9vmg9sqAXLmXRhRcGSm,2
C7rCPxpAqfU2yaeznRNU9uN34pw5CcBgcN2X5BNQLxax,2
FtCju3UC5UhxfkQnJBbjrdhMKhkZ5LhL8ZPwC9vJ4frx,2
DufUaMAV78QndV4JApKjc7LsXne9LL8yuDKmqjixyT4r,2
HY9ZLeUd6SZmM5C19vZvhqqTZRdVSqUPU5pm9WF8nLhQ,2
12fptKLZpeKcN4aJmWM1ENKiAfzvvUy6Qy9VMni3vyfs,2
GTb7LCZkUwKQtskFEBZhbyeCTT3NNzAuSjCcZF4CRP3i,2
4VBdx9BuUb5qyfTir3nhRCDRfvpNdKw2d1UBMCfTfc5b,2
FTWPkFUM9CYKLu4fu1GMjjEsU5JBQfp9SULMVM6v9zTN,2
FMxixYLpKoDhoo185SVkUwTdJayHWRBChEz4E5oHBRpy,2
6z3URHR4YMWAeD1xFu3Vzn3NiAcoFiJtJXcY13PNScGa,2
CWLjALt6dvsPnRxdXhniRvhM6V3HirHKfJYi1pcfWUU2,2
7YhgtjDbr19fHsnyvMq7M8rdMXpP72P6kUfCksam9aw1,2
CQccU4NLBpsAgpRXRzoi86NMMW2iQBppjEP7V2dzKnhD,2
9SdQfJ5KQuzMb3rgiYAbMf3bsdbfiy7gYTRuJFEhNt75,2
GNdSaSNRnqjbo5VGEV9ceZtWDu3T1spqxVzvgqCbs2by,2
3ti8VXjd3WiNEm7yoLLKbyFoXDmeZ7Ai9ULY8w7hNS3W,2
HTx3T8Tm3Wam1X2wfDuruVakGuyRywPLqxsxLcVCQQb9,2
HjWiMqu1tomLApmt5Kqf8KiyXCfnDaXPo6k2Hy5FMvwK,2
9kQHRLu9JCVn9qy616B3WULBf8FBmX32CR27nExv7CTQ,2
HLrEkEsCvMBP3z9sBtmq8dm8pVhg3f7pyV2hZK3X8zwt,2
WawCZp4VefehUWg7LSJoCMqZGnA9nxnEpeR7CCszSyF,2
2JPxiVTxVTpqETFaC3X35qmAnFQXhbojkPyGv1eb9HzE,2
J5FooY68mt3dR27g5W8BjHMEG1iEmKzwLjCrDKiojMTf,2
CqBu3BztvBkduMyXGyQBFeACcmZtgq8WYqRqWuc1dUvG,2
2PgLdq1xD1AFZzEmo1FYJXPzM4p4RbNxDAPX1MeYAuZ2,2
Hc8NCSfpVLDDj4CssrXriT8Nu6yVsa1XRZHNfL8zk2bQ,2
7tzfYFi5jQepxBP2sEAaJwqqjx48JKQ2QhuaczmAddSR,2
12iw8w5TXBemC1P9g3xgJQKxzm9qcrLJVu8RdYNHN9q5,2
6XFaqwPyKaLRvRkFJwsCv1uNeGCBPoqnqKrSVu2grxNh,2
2KNtfAz7mKnCvWAHqdXvfUqegCh47ZHQ2M7ehVG6Fn8m,2
5GACxA1qy2X9UPLoB7dBxDg8iCpZskHuNyuEoTVEpZnJ,2
4jQf5fJ1XjvSYW9CcCDBg6JoDm9ar9WuJGkkFSb3WC4E,2
FVAuwSrKaWGHCRz4PswNWPpvdj9oUk3DyRycd6ehr7zc,2
JDHo76kAq9H3h1AFmJFsHEoyYr3quFUMCMRbkks7arnw,2
5aFwuMi5RTEZGM4h23Xan5Z9D2NYCbWxxmMVu8Es2g73,2
2K98KLGAtWKtKNDxWg29QFJsCmeyD91bsBrbyJ8b8na6,2
ExETpRBrqnqvYVAqL1JcxvtfP9hPtSptwQva8xYGDRr,2
5hJCgzyy4vQWsisyztC1Rq9KCSpafJ8DT2Kkjz2u5hfH,2
HMTykJBm4DVuXeXrU23SM1jQLoiPSKMmoRLxqEPo9PqE,2
DUXQGHkkYgysbegxXaxg6T6ZLERdNaerjYTr7gLbWDKz,2
3H8qsvhHHkqZe2GDk8B4fhEGJvmGyQAKGttpfBhw7C3d,2
BDm1Tw5zpt76ULHonWkZ6EYSo3Spg17b64jTSAPLB2iu,2
74Rjx4iPcGKDD7ra1jFYAN96j9TwKQsCwSn2R5knmWgh,2
5rsVTk7moxdzkQWN5mrJuZ4fLCp9mSu2PZXtm54qjoMM,2
8G2UcmRif4SVm4LWrjdtJVcSr5wA9g57fi12VjfyFzmw,2
GGnxKG33dNuD2TBRVTaP79ifeuGsDAKaSzyuwfQHWBrK,2
9BHXMWJv9bTEHsyd886XsbhKwvLpW5KXLKYLTt4bj4GN,2
79eBX6JjiubmTHRdGN7aA9ZixkVU6Usb6WShBjXugW5i,2
CuRmnvaK1YvxBBiSoGg4QxBVzeWzAwPmi6qWoR9VDkUj,2
Aovf81JcD9eCYpqSsPwnpcNMNgrAYYNvRquSVUMa3XtR,2
RaYETHorWtYWTL15E27Qs88k8d2eqj8GhSpJhcusJd5,2
DGMgGEq1XFwUArMGeaZVFe88v6pPCKf7sSmBpbyXJeA6,2
9Emcswfpk3KiZV9S341UdvGQDZ5nyNMLjM47rZ34sCYV,2
HwqJvwoNcqrAHWchcUpcoy3KpRRPcft7dySRiQPjhpjw,2
FJ8Qbhz4SSiUY8u48MgCMaE7VRnTMUCDeMJ3QDvPbHvx,2
BETXrP4humviSHUpyouHWXEjFP33Gxvykp442Yfb4mhn,2
Auru7Ych6qYBGttCZMaSeGcooLjddHRwZzdgS9zhRAVg,2
4KUwTVkudmxeU4yV4fpuSjWDPcYgkLYSiTqXg8hBf2Ji,2
5fWRLMNbE5sRJJHrMFXgQDX3oyRSJVTZ2cf89WKwyZHm,2
DDovVC5eZqbFr3ghPu3QsUEnWTGuj9b5sadqUQhH6WzN,2
9kW3jFtfJAJU9TUKamqbWzV2uSk4tSrDQtGBo8pjtw5E,2
5jvxdKuTt1g9vd6iJU36javv2cWhMM3eppv7GxRmEHjs,2
J8iR5BWGQ9ysDdtHhPCu1amiaCmx8QxZWsfST8YzemqF,2
ExxBDdogPmSWmyqiZWBgKhUFHeYbbEeGjT5tvgDYVn4R,2
Bs8KsTUTQ4Xg3mBNrgBEKNMkXH38Yq3884v4JnTqCgyE,2
Atj7HmKiSL2RnRdhyDZXBpK6zixuKLfQf6aca4g9N2s8,2
6LP15EwxhU4rVs7t3ncdguq1Tr1bm7dPYLxEFoPZJuPx,2
FcHkaLgPE5oXneQSojQNhFL4B1PHtBHxbwiityJQMFe7,2
9neAMGkyNv6VAy1YhgwF88aoiUijT9bZLddArP7xaoJd,2
94WdwQiVn7MmwjhHuE39t8KgVMutumKYKAB6YNAhqDd7,2
DxTtbnCiiTymDAUGJ9shUbcDBti4VVSSzVtNXzoEDtv,2
2Btc3xXKKfxHokVbEe5McyXLvN532XesFZQFxA66QZQy,2
4sSsJvu4NX4CBwn6pAMjN5HcwNujmKqp6akfAgo9Y3JC,2
HeGJi7kyWQdCmcXoirJibgCvRPawwTe31yqfT25icueS,2
3fqBzr3Y2NhdE1M3nTcQj4DL7nZtmcJXcAVJEZ9cRLN2,2
65GwDoZqSprsakJjGqCEkXCtjNjNU2GFufZ3AGn4cZpH,2
Dvv5nG77NNmmSg3QEWejwJzDpzpFR1yndXf2jvb4JXjp,2
7UoUSwhyMWrAwAi2DWscW3h22DiKKL1gYmD4HPSo26nU,2
BNajJPKQWeu6GqktWtnYBbkghrNMfCSpPHHdow8tzjmF,2
7hUr66ZJL3UQSvNwdgbYJ6DWQAmcnAt255HJeuwbBzBG,2
FcV4oj4MqGuNuVZXEAFZUQCQrZKRaFarrPhyfTag63nA,2
2ejvqZCNpEf9qDZooT9csDjdgCDUw5dAeXP5APTfH1nn,2
DDkvq4N255aX168WenZPvqvVCDd7tuaFc1BTMGkhVKtY,2
EVQXY7ndFEbRTFTwfvCYNgWAjvMdYXQjnEXkbwLxuguV,2
2rX94VndVFsxpnEU4o1WYbEs2VD8jbrqACDC2FghhTSB,2
DAsEDkok9kRMzm76euNDfcGD8jPVbWzE1tiS8a59PEnC,2
66E1X7wmgWPdhN8zepVvwVWJBCJ5TgaFWkhsswvsi1XY,2
6GtxKFYw1Ld5PuNFMejvdy4NvEu5uqwiszYRCCK6StZm,2
9PXNpUGS6jB5JypNTyotBn9uAFk8B8mik5YBVKmKd9Dn,2
jXRmLr65bGrxaEkrUi6crStXNps83L8Trd3nqhSWvXo,2
9C3ejVWB36ET1M8oNivxCBgfYQ1dQJCju8hi21tWrVam,2
7k8EimPdmHLSCHiTwbh4cSxPWBSFQsLt4kVzPQyH4UDo,2
5Zi6atk8EsDdQokYsdDyDWsD64tdL1M6FDVSz9gxznGV,2
5PN6bGvV79GGTU5pE92oG9cKxVSJEKtH2THTcW9GZaWj,2
E5sNMSMTSA68Y5NTnaD5ex4LC7GrGGBtSThLSnrK1mcB,2
FBynFbdUUEbXUHzpYueGUagtb9fL1LGPv77tzDnwwkfz,2
4svHF6BUMa8UT2Y4EBECkAHm8Sbgb2Fn9XyzpC4NA3oD,2
QnexPmvbaFEKfSqomvVJwnwX9uzzaZxdNzYxGgTQrnc,2
8EToP6WC48rVxvV9wMmeQZqrXZW6gSeYMetxhdF6ThYd,2
A8xUEyfDB9BkppeZKHDoadTQwQrLE2uNnTT4sMhsDtbB,2
79nRf9KrfEJ6tN5msPR4zygT4crGbihv4w9QBC7hz2ef,2
GBtbT9zZZXRqVLjCDef6r4abHKUocfPuAm1JnRxzAKtm,2
CNyC4NdfWKTMr1HtrZHiW3VFu4iLxtXtKTKduXjSC5p3,2
C5PEMnEWixP21Q33uswtzehZmVX9v5wyw7NP1af5u7Ze,2
7NvASmGPRJRbRnUs7fvBUhNxgCb4xNyrGcrHbV3VRGh5,2
6oMYH9nTRqStrEXo7Yv9Djk4qNKhuUAQrRH345FwUppf,2
ADk8kWiipSoLnELf2CTGY8Ra7dmPKjP7cdZ5UQYsD8FN,2
gqbiNFQN9R27bms7JFqDHnBxnRmsxvYhmkVaiHM4wF9,2
KT4mVA5ndUb63BLmWKH9t2jJKoejBtfqDhm4rS68jHs,2
3jseUiTyMm25AtR9s5uUxJdeJWdnEqPTEmcnnwoR6eQh,2
H4j8MYMf2CpTZ9NLHoDAsgEAoLSLw5KC8c8DduMS71Tu,2
GYKnKSatYvy88xyX8xmFHxB69CF9HfMSeSbj3FDAXCfG,2
HnFnE7zQH8s57b8ZTHsDU9gT2QYFsUi9R2WJzhhNBFcL,2
BJ25gvTcuajcgUQosZSE45Vura6QPDAgy4MTiBdWhuak,2
8PrKWtXtKETbm9XS1wbS1emeYqcLbTCrNMXTqms2uMm5,2
6K5zr9Nz5MHBUhPmFX246WNi1JFW6WxCWkKaJx45DUgr,2
4CwhMgqxDTp9dM5jnod3c4m7Z3F5yRuqoL3t7wZVhJk7,2
H9FVNRFXsvW73UWEGyJtHaohn32caqFiF3L47SB9LR8y,2
5DBf2xYDLX9pYrUyQcPvq4ABa9MLbnpGuzXHeiMMrgH1,2
7Zzkx9fxvG2GZPshBnMyYRcpdXRsvkctYN9qHVCREVrK,2
95UuFwjP7v5aXM3JaMGybUqwuTuLvnxo62WhYK9bnSRt,2
H4ZW5Lr4GzQDWi9yMrLQC1TBcffz8d9soD5fDkqWjqFS,2
FT8AgXmz8NYUxCeKPbjoPCeRpKNnjk8B5tR8F15Pb39X,2
2Au66mLHhNb21vXEKto4vgKyuZ3cK1SKFiJqznrZk6jq,2
CNuaruEc72iPPa8SPYYMdhTviSdq5EJwU2f6HStKcWBb,2
7vBETTB4NfkG446irbiY9njCKTiMBdtJ9iypLBieem5E,2
vZCujQJbFHSSSYkfE2DW5ro1wJyMz8ZL5NgDYcp9VXT,2
931oLqx34srCEhBr39ioBvyYaXnoacTQcHS2my5JMV4Y,2
EcV3pHd3TdbE1Q2rKNMnfP8LtpSR1f9tveXx4moxyVXE,2
HA9LP6viEDoHAHsKLqUhkVPr6hVfFWzph1GAXTUeV9MQ,2
FrSqJokjDJ65L29KVguJM5PbQtRaUuojm8Gdbq5CEtHc,2
cgNLXr4szAn1HUnbmYVfSfpmZFqSufLv3LhnZM41t2u,2
4VxyhbW1jjDQ4A7gLy9rU5a5wFpuNnpGaZTjQTKuYouv,2
21mCyMpZMyVzZdsqJKAJzk7APXH5LJyEh21pGEgeLi1h,2
3PAsgkiipBHpxp5YVPrdv58G5EnGNdhoDvdachrRgfig,2
2qhgouYfFcrK1m2xjXsoEzP8TUsnJhs3DC91fPtvsN9X,2
AooFGAgVtejZS2xejfgXqY2RAehMKqDzcEU6PJUdJHSY,2
3R1NEu5H1sb6iQeqXSnj8PB8oUHqG74kLFFcAc3Jztqu,2
62hftLqd2avrszgLU1VgRb5n6M3GDskaumBKgdxgyuAJ,2
cbPaeQXdko7yip4Hn4pfEuUE32wWi94ZW1f8fzmor3j,2
9PucJZ3pEeKNUdbng4EL7DsXtXcDuWaxej6rXGkoHoCC,2
3v6E1b5XGFPm2XEJv7yLtiG9kN9dhownejcp8b2mD933,2
7uhwGDKpjpH31eNEWVVLu6gAw2KPCrAD2uk79YHSo19d,2
GxtSAU7wNWEkzHr3yaYTJNW9HDGzVve14Mc3pKLBWoNs,2
6aLNZFadKRS3JSKacxr4GwmjVdGib4z2dGNKHkQ1Fnwr,2
5KtzM3ZZn5JquXYmodGzMYrvciYwSoqUguDhERrSznzB,2
6CViy4NSLWr1yFYDmmGA2SxzdUwkky7t4xYN9CN5xcG,2
7UwETnqFN1UcGhGNQHuHwosaHGCBURuXZFZJBEiRx6Wg,2
iU5rUKjFFaY3cZY7UGtn9xt3mYoNxdjbU3Gaaf4M5qV,2
GiRSUwVyy7exVnyJ83k3gE88qYxwzUG8YS8dsfS8KRJA,2
CLEHdqcc3s6yJkSZs2s2wpzLbCnFbsiJAj3W9kw47FKm,2
3fbjZ8aXGMQmefm3NvHAFA4s6mMuuEg558LD79qN8P9h,2
6dXn1svEDYJuHVkCM5XeARoyHNet4GQ2bVj3cJaedDcm,2
J3PAAjqCbfuoqBzrHEAj6yUrpgyYi45F5HjFBU36FAGo,2
9YmTdPrtfX8E5ZsT74JGmum4yavEYyKQ9VYjnZwzNsc5,2
3fZv4uq2SZ9pwJVDJEY1d5B5Ww6NCW1Lk715WRVbV39L,2
3LJSQ7haXHmmUxLvHC2MXvdPVKR6YT3mxWYv6LEaom9E,2
ED9nck6gWdSL2dCeawemVUGE8Sc5RGkwjk5wugCb1Cav,2
33uRoxRqoakbV4QdRh6TsotZk5RyUDjR4nNPDsiSSvMn,2
A2xHTHERoPp8fHAqWiLH8ms2qzisSRRaD5Ag2dR5pFgf,2
4iiWqfDxfWV2Up1Yvoj7GX2BPzCgRzL48NqdG9rtfiaQ,2
CYQSrd9Tb9Zvsq2yyohLeHSs27KDYrGAUFkVN5dAcpji,2
8xJDBXic6Xdn8PBDgVvMtjz54rRKdxePzahVy8qbUXaf,2
BHRaqo4TkZdC8w7zWaXYyNex6jurdh1nyRNn22XYkMEo,2
FxxFpZct9CxW18mDmWVbMRwsH4b7Lo86Hbq77vMUTkDe,2
J9DgiUEneuqJFSpBfSyp6CssnXgJwh6jZMMvuny4aTLm,2
92EiJbqjZVBd75ETPxjoWiYLENNZ7j88ggG4QwVwfpZC,2
6XPLF1ezcWNhaA6HcKiq2bCoYYoMXJfD6NmEdsoYY6aH,2
2TTHDQ3Y8XVT42qHknugVUbE1BrrGoC2mrmhkKivVp6U,2
HRWB6mD4qyV4oXhgbniT6E3iuVqCsq42Cs8ZjLMZx8EK,2
G4Xm9CpTHcUFRQbu3rh3o6rR3KxZGw9xy74cYNehB7MX,2
FHd3UvduepBBzaTL3RF4v2a8LmfR4dAAFDqhVkGGAQku,2
H6TziN1BYBUsC3hArAfyUEumzXagRZcm55cHvrFPyxYC,2
9VhgFR6pVixuUHJUHA5YfRoUkxWJ5ouu41A1qSyiUkwR,2
61EVVQ8gtx1mTAu4XbC4yvk3Hr3AN6bYiYK6uGqQ6EY4,2
9iCDztfMAvmNoZ7ShqnYnDKteFiJQQ2MS2zyEydURDEA,2
hfmy8ZbJU4Zqh3Lwhqr1R5FJZwiHmkwtgsJt6xB5o9P,2
EZsmxZAzNebkJqyFMK7rdxjF8EeGfPBn4JSHn9ko7r4E,2
2YnpthiTUmEtckqRPMPwATczUjRdkh9rHEGkDsLgaspG,2
FWYgmSGi9v1MDv37JSyUmAN1yizS9TqUdLt7g1PddxMC,2
3YFLUyTbP9EW1EonAnqBVVtWL1HGJ68DakWnPB6gdKmz,2
EU66AHUXFobAUGYq4rWkhnXt65HTRTTQN3LzHmrMbVUj,2
E2U5upmhcmwJPuLc6MTqLXdJAryPEDJ5GfZUS9tHGYXJ,2
3j6Ab9PSY4PpBx4ox2F8Rk5wsJaSDisBPuR691RUJ5a7,2
jfPbRqqaF8wHdUxsBnEi1oQjKRgTNDNdFTHiG5kxJrp,2
6U67GHgqJHjjWUKTUY4d6S6JFb8UWMU2uEumADN87VtF,2
CyGHss4gztf3LWoDzvrBFmUcaQ6zBHTwzgP4sbTpPxmp,2
G6bXGQvo1fDctm45AUXwNPHkauBjD8jPRjP3pfSaURjX,2
5ggXWgD3ZAbmJrkDswc5z2Ayg2eQ1E8QNdnzDDxdMGwZ,2
BFhVMh2yGRMusPuhPK9mWuwhisbod8JkcYk8wBQMDABQ,2
HX6AtY9K6H7CaGyNdfG8gu17yHcvCZMXQmMMPhJ4gMsm,2
CtyEjjDTTQnX2g9ff6g2CzhVsyXKmggkaKhzkcnmxXp7,2
4EWfpA48V36Nw8sRzdEHSc77rALu1dDVg2rpGk6KjKWR,2
48jXGiaZUWkNj2A6rahe3kfWLVcVFdcKQGH7bw7UdUZg,2
C4SF6D6DcKAHeucJP3SKEebggVLRf7eRU7VjdRnkeaW3,2
6fRpZLQg5oxVHMxARC6BMh5smkgayLjfBy9rDJPzosNj,2
HZJyQn2RVQsCvetSVXrtJ5dxFkFUvx9CUA55BkGNGiwF,2
vKCC9ojFxmcaCgzp4nxAfZZzMHr1mUpRFuG26R17Ki1,2
FQHcaAoZhEMq9BfxWsEWch4KVxY9kPZbTjJciUhoDcT4,2
3b6cWCxt2S9heWF5oAWM3EJwdfCigDqngrCmNtdukF8S,2
J7AnfQXvzLdvSm7bQQdqmmuM881pMnBJ9sA1VmPxGADA,2
Ei5HvEkzL7RCmLbxqaPmebHQTdm9KBEoCg99xaNfh8ZB,2
GaMFvDZ94vLRv2hmySf36JhK846d6bt49PXXCdMd6vCv,2
8ZL3Qut3vitdfqhxBQFXEN4Baa5JTci7Ec5b3XsCFTj3,2
ERhHyNdVLiv53gjpkTCmtPTWZPbB8iwHdVA73f1KsRbE,2
DSVrj7aaVBzc9ftXReckMqtC4CzXV2VxSFHguNX2i6qs,2
9UQdN2DihpXpiSkYSAQKBf3upAyYdjkLKNMGLfPECGQy,2
BNq7QDKibChtCKhski1KXY1atgKUFg4j6Gx34z6Tz8zr,2
3ic4FuiLd3taNBJ9Vs77RoYXKcq8Hw2Wv9nnUSq3qRQ8,2
Vuc3mebSzDJQGTMuYa6mvuQUWCofBuCEeQWaLfUS7Wf,2
Geh6KZtfanmC79Kv7RL5uitL7gtYSE5jivUCi9i8dwLJ,2
4r4JVLdFb7zwqFDeqb1bpVEKN51f2BZwwyMHGhfJmF9R,2
Foh7s5Rf8kNDFRtHJGCCyuCgXeRxmzsUEZ7iHeC2EoBr,2
887pdTm5qSXxR12iynu8RsM25rekbgEkEXnudCMNrbQN,2
6rzvuab45gb4hXHd7G18ZFMVzZnJE7ZPH82VK3gLEJi1,2
GwyH6V2NEsSQz3TddYpDzXRNsERSKp7sUhHKZF4bGhH6,2
D8T3C9duSuer1t8s4HrKVyuFG14GFrofPUS42to9WYFd,2
9XsqhtbA4ei519kJenyRarzjLHpWLJxeUoZAkbDcANc7,2
Abr37ocwQAQCo54oqRN2vLGQC9n4wh7z6a3kAEoirbuB,2
52mA3o173dBNEH2qRwRKQKZtZAChv1QXv8pNHX16pzdJ,2
ETt7Uir7aKLVXXWasT8gx9ooA2WGUi64eGaWebsawBMf,2
FXLEPfrr85xK5eFqWHHce6fmj88UCEx6Feij2ho7LqZn,2
Ej66T1jxGNZ2HLTHUmYzXJLJMiDFhhFu7C3UK36EMbL9,2
GR9gcQ7T2Ebb2GpiD79KbfFMCiKBiKJeKZjSxoX8BCJY,2
HRbEAZYPAt8WSSzGtbwDxt1CzX95sSpxTLBgnTCbPfyw,2
HKTWs9E9uJUVyH7d13MrJmSXb4jnhLZw22JdLfQXxLw,2
BLHHsKUMHz9jqWNjqhudQ4XwTM8K1ESHRKeg3sdFUGu1,2
8itpvB65MriFxV2HoskhFn9FEWmQPMrxndeRXcVZKQuZ,2
87Fp7528CdTMJJnwMDyV3cWf3hDbwLH8ptYf3KKfaFC3,2
5H5ibKuW57n1Uh8SSvu5aS5Cm1KaLJARHth5bQGHiv7c,2
7kvK5TW2bsjLoVMauGpmu3o5UaUm8aycTK9QyGpK3w1d,2
F3y2MQcCMrX668ahdD9WBQavNsfYcYGGt89LdUNBbXiQ,2
AxdM1MrgFosaekfX212kn8fgr6KskmTk17qSVwRp5Uj,2
H1dqNqmrNmTYNuGcyX9Cb7eV5XVXWLZM8ayjrdvvKkFG,2
WMUdyKBQaUwoTGQLZKTDMd467PPAUu1CVpo5i81wCor,2
9gwaGUoGgbjSDL1xLsCCBGmCaRnD5wwAaFWfkMZ7jDnr,2
FCpYBXb7XoHHZHPvi2ZThMtzjtdAGzZY3urbPAfW8DRF,2
DS6bYqmRMokqRY8Cfqv1ADR5ZKizvjLe9d1v2zedLDCw,2
DYh6YypRy5FmaibcsQohs2XAKpf3JK7eYGPGW3mrwphM,2
Eg3NR62MpdkMXmsJshzr3Qf5d7Gzy3kiZ2mtQfsGiXNG,2
DGTGSHDsdTJrzJJBABSHfb16mXm49tDpJRyQ79UtCuka,2
8Pp2yrdkWhnxHUkPt5bcse5xw1ZcqCtMJiLyDhBV7ZzF,2
EAiR44YGeVD7s5enKNU2aCCn7fa3K4kAQvAH9sd2WpXD,2
EYKrH4Bpc42NSMwEUAHV4Cx1Y2JnGKuBPHwE865uRgnW,2
7eVYtHwsg8r2x5oKgTGsRpqGxT56G6hkZooRQETE6UMD,2
BmWbFJRRpxSBfkATX84Hg977hHyDGduZCsdXjTSHTFN3,2
2fBJbgW97HDBi4RHgQobfjvTyNxXA1Jy4PrN74HnuJyK,2
FaxnZn1Seeo86FyGAUmx5SenU3GwC7aLpdVayqtbEYRW,2
7C3GzFekogZiKuiK1gcDKpMKbc3qGhG6DpdHCrg6rSP3,2
128AhARdRqfGmWtBqv15QmqB5MbWDnW9dSshhP54Uqkq,2
7DbHVY1iXzjMXvsS6HLUnfhW32j8Lsb13FmPkwpHqaXC,2
9yMhGm8ZHxFySGTFFSoe6JGoJmWHiVrGmVKGZQyn8VLz,2
GLPVkT9i3Vao23HdbMQCvyWj74pF5fQZazXNzYSrMF41,2
AaaixHYNj8aLHdcnpFMLvDiFu9FL173MKejyDCTDWx3b,2
GaEXe1PMAUJ9xT71RZkLKdx7i8GH3ypn8WbVNYHNeRtA,2
5hbtYnYv7X4f41FvLX3zBnUtup1axwFDVcEuaUipaWxD,2
H36SEE9TXgsvmwjUgTmj63P8hnhiKHFgCEiYFAYAgv8g,2
6RpPtT9ECQiJtCGLm4cdRfJN5ZytbDbBh49TmVihUVod,2
DmRhgJ6qN1HxT75m4Jvdu2eCqZMzyXLfmQSi6hTM2ADp,2
DupjN1rUt2WXf9EdhsXQ89cLFByDBzvY9nGkQy713Kms,2
4o8S1L7YRK87uG8MhMZQRJ1xPvzryGiEQYFPspp2S5yi,2
2SjCbgkMdG3LzofXa7YxJH24wBpWnC2kpkX1QS2hDndT,2
Fx6dximSzp67nHg9NeJo4MsBtjSVXn1d3REb12Btboxh,2
3PPNyJ2JbgXcYf8oSJ3mC1eip5ChhJz2XGjfTv5MMbqZ,2
6LkAHMAU55PEwJkzsYz4UFzc61TPE2Eobcj1tbcXZzum,2
AYM9gMEXFjtY7G1LDDehMDsPixdDhwAqg83TWkPqwqhB,2
43voPo6eXSaBuNkwNwqwWHou7PtAnWENPzEHt9AJLWtP,2
CoiLg1xUdBgEBfPh1cZP7i3Y9kbtht6Qkdts2zPJwdUn,2
36txm6g5TWtmzaonvFHRdBoTsKoDzLQofNWUWodqfZad,2
68nGaFgxrKjLgES98ByGp4DAEembZk1bKyAnmojdCgfh,2
6iDvqn1XSN4n363SnM9YCwiDtVCXbzYTmiwYKdrJePAZ,2
Gda32whvb4zJmjTGfcAq6M9SEqyce1K72az3koZKDiwt,2
ALdsGAp6F13XS7gaFvjbzVcVr77UhsS4YPGafi3kbBrZ,2
74xuCbWfN8UJrLtg6JTzbZ5JbjMGJgLx6zkXb87kU7Jv,2
C8TbW3QbBEty4LtdDmHAJV13L2XyriREguTTni2dADt4,2
C71QXULNC54RmLvn4GfrBc72nqGfSLkDfmRZL633fzpp,2
HK5LbjmAzVrGfGHxpWBSYRYWP6KS9cKGXpJKjvDKQmZf,2
3jRC79MNPfdZCWcKiuTsr4PKtJgxPwWzjzX2kQHgCFJh,2
Ad3AEbVFVF6NKiKMTGwhDyd33QwEdhcKcKpS2y4QhhNK,2
78PVnDuic9tAVV2fUSn3MHJn1zT2tjdNFcjmtWj5wbSJ,2
5xoQJkKftqCD9Ltqo6VCMjTc7iNUmLZD9MWnr7MAbpYt,2
6q5uA6djtvxDY3oa6VS4hKxuxLdAzf4qKtZ3kbgRDJYn,2
EwGMZEMRuvhcNERLqhtsn7wbiWEC7qBzF6GHsYjqGuWY,2
2YKWGJVnyiNG4SezApHp29fW9DdRjzYp1cVuGS9svp8U,2
3dRFJVgBVGhJBrHwDHAQ3NLwCezNMnLFTYnZbnae2wGJ,2
Ci574fQqF6K28SwQm2NnVWcm5T7xjM8j8unbCKWtviuC,2
4SNLfoY2xk5FPkUmN1Q2WrvedfTunXB7eBqStu5SZCxf,2
FVeNWsRHJJTX1H3m86GEchzGbxfpvkfyte4zrW57pH6X,2
3BTyLnvfi5Xi5Z5y7ySWMvWLv2kSYBUhZMT8GKSAZkJE,2
Ag5pNECSstFxhACzsNqPpnw3kMtUsGniH75PS7an3Ltv,2
CZNw84iP6tASC3EADA785ENkTvAZ83ywy1fCqvUTpTeQ,2
CJXRsuFQSGt5VuTxZuQ2Cv4pugQfqsAtRWuaUayZaY2h,2
HNhkfRas3WwVWW8zkcsXmY6ZQFQD6anwtVcCSs2RXfE,2
FfLjxucAgsSCCEK6G5yHDZHfdPPEYWbZhcvPst5VNLFJ,2
B4vzJkwMqdRC3gCCZdfzgzAR3iBiChkUPHnedCfVmQcH,2
nUU41sErPFQdrp5y51YtDmSBkWHs9memXuEjm9bD5Cd,2
4ioftgmz8ctm6MTaFvjH5efbqDTG1ADrv8yZzCQq6yB8,2
7jwbxvoTTWA5wYSff39Jt3jsccmqV1yhAMfRJV2H2575,2
HuQ123HYTBcHHiwpiPh8qf2aVz7a2iusS6DHckZgCJGV,2
CHfa7A9QXemYAZ6srVyv4qaureDDA3vzwhnXsYKwJvRg,2
JB3yLEahxmqEYYeSDaZ5YKDq85z9hcQetBUxvQxCG7zo,2
59k5MYX8htRspaTjuZ1wpjRSX267j6u6KMv1vvp5ob8r,2
tEWvHg8oiLpL44T8y53jVDG6EvnyG3GuNgYXR3ybrQP,2
6dBW8jSAVuvo6MB62dSi2FxiUE4jRMsY9dT8YKQ4MsUC,2
3TiYceTg7aYzCxre6nBN7ikPQgYptj1GncfY5BFym5Fn,2
9qkCfTPLh95sU32zbeEYsPd9qjVKqo7xq5PaCime8rJd,2
EhtdgixncUnB4B42mPM4qy26Uwc8zLmGFom4hXa6uzng,2
12vcpxnsQsaLBHCnR1uMZ7Hb5VYcKVweHL71PiJNgbRA,2
EV9tRh8AGRpthumge6nZJndvWpjB3HJKPwvVQKhfWmaq,2
FT9P2ANy9Lun1uVWsF7JngcTKAc9Kf2bLfbcfTxroXUw,2
H36vDY2kRGiJ2AZpN5xtmmMPhSQhzx3mdoByJNe1bnB8,2
7X6xyCeeEFSTWysnQsxtJaC5Xfch7m9Z855cXNmL14mQ,2
79JVWYrWv8of2f7YPq8Da8oBVkWFBfmGDoWSNzug12wi,2
8fm8tarVteHoZ7QWp3sy4DR7qSQvEjSvdfTPg721eGUk,2
93qr2BqR8TEW7FQu7ZbCpsysMpDzAYqES8W8kRVSQr2o,2
BqCBzd9qJE9pWfncd9wpjaiEPRXmfRjDZPj7RgWjka7B,2
BFBezCtYuNj6wFbdKdxiBFeoXk8opLfWZUbbQbGqLDRK,2
67dia8AGE52j8LW7ao5pZ7GCCvFdpJ8HYiGPU4JUADih,2
E8MEtW5PBpT8sqV6DnPRyEn4DGgPYix8jHTHJQQRkHy6,2
DG7UnSAQRqgSgPrUGkGM4yk28BaeabLWNYKaZVhkhTAN,2
burnLaWNQBff5s8MdBx4okxo7NkU8BMhfs6bMYXRGNh,2
2m4fTmLFYHgyTYyPWMwt8pxNb7EWByzrdHjWLHfxtCzM,2
7aA2bx3ChytEmQ9EWvnb5UDL4bvuk8LtqcRDTNuGeZQx,2
HMX5gTiKb3bogMMyeJmhq1Ke3fFhQv7eqNLUPsV4FZ84,2
68g2b2vYbCUxjCy4KcurVa6iVKvsbBjbtngWCgiQ1s4N,2
ACQtaNS6g93JJ8zQ9QvqfVpvV65VKtcQkZnwv2PWt79t,2
4ABkCE7sjBYxR7ZEq3sz6cC7hA3UmeHnWyXq3m3PtHdA,2
FUzW7bRwjj1jWHwmDHKUuK3RPp8UQKzTR6pCUuK1EGyn,2
8wthiGYMDamrzKKQYfBMBheB2bUdQQ6XuGAvXtxB1yqL,2
3zGuemoqDYgqf1dMX3NQEyvk8yVfoEpcNki5UtcccRDs,2
C2cQQh9eTAHyYUbU5GRX2RVR3MmY68s8TzLQvz1R1fsH,2
7ysQm9xwTWfTDU154fUKr7pxi485p3MYgpC5KZ7SQa3C,2
H1DjeTdZGQmFGiFy7nVC1JithR6jd3TTqP4HnQyQwsou,2
6vM6o6viufuCcCw9QZhmcT5aobfZkerEDghmPukkG5Ng,2
3iqhREbJayCUBSf33dnyhWy2zxrvwnbzrdr4aUo5cq4W,2
CeaeUv5EjTqgBXYJni1cWFnkUeVQApQ5MzgTvAACxUoQ,2
o8WCp1GcJPmibRugtwFWw7xiWLHut1cPCGvqo24dwMZ,2
25Cg4VDWcyQi77rB7Tf3sM16yrcEkLyJdaFgg2yHdLd2,2
8KzUr9fombznqny5RGtM4JAeUDWvrGeFxrU2eAeKjSda,2
4EJANyfiN5GQyogVAohaTxCm5zBFTsxmkyAcMpAdRLGH,2
5yRdn2xa6hbdrfYQXzX142dkrCqNxZTwPJB5SskdAmpU,2
EmHqRrcyevjw8r4aFfr6A6M2yY8uXsdeMZYtsNWqmUQZ,2
H5WZVP5hw6kXRPk9VdHeamEe8arWN5DNTMBDfogaAB7N,2
25fLbD7kdo1pRAxenVLHurHf4nGmxU8Mqh7efSkr1M4X,2
BwQT94faABo1E9E6zRGa8vzDxSLFJZPAsG6Uq35B5nb4,2
DmJhnVW4cUfkwS49mUB2DDheJCnZVQkpEEkX7Ff89eDm,2
7emyHTnH7AS42Re4oaA11KtdeALsPXJjXB9h1vj9ZWYQ,2
E7K7eHXrtpzPhz8hQ2zijDdx54uP5LQvHHbQXSuJFP9E,2
HiHBBqLNVKrXBqZABa1gcRVwWSjdPQu8qq7tCZZH4Lw1,2
FSK8bbMkq3mmgW1QWSER9tqXcgiFcg8xi8DpT8txMay6,2
BXtK4kC69zgnFt84Lm1TnJ2J39tnrVB7aLEeAHPnQQ8p,2
GT6FFxn6r6RthdExUbJjaYixeq8heGH1gehSE5smFNjN,2
5b8WwoctVdAop8ZGc5f3NjL7PuNLSaWmSuWJyuDtfMxg,2
Ei2izEJv9esayfkL9ES8w694uCEiaUpXKiofCGHh25xo,2
Bpb7ALDwkaokz9tGGz5UZ3iTLoGL6wsH8MxcsfBS6Xwo,2
G4EPPoBnGg3ZwLZ7MRj3BtK2bmSGNAvfaA5yThanMwV9,2
BmXU2yDkJMadNLegzNMqTcfgGATvMuo3nUQKgPG4cFHK,2
2UMAzuY1cMr7PZZxxZxvHoZfWT9oWP39PtYpj4fDfBc2,2
772ZScQUhDbpFUJEWcWb893LH2nQBiwZ6FFuo9sc1cg8,2
942AjYy9GrgGbjrtWu9p4ZEwMGWvQtjkq8Kk61H7a7UM,2
8a4LP5Go9fUnU2jpoTxbBNQqRTGYHrS9FT5F7Qwzsvgy,2
5frKrL3jZ48KyzF5g3RxHok2XtyJ2DHsgr5mEAwmiezi,2
C4HiWir2dFdJbPbdSezssDqgKiy8RWai9TBpUPFNLD7R,2
2afu6zgBx1GvjPViVFaL7EdNkEJoc5anUugBVX3JVxWj,2
4SKBAJSYnn3rNHUDZ6XyFHLhihY4TCycEDEE5YVUogWE,2
9A5Q37fcBFESuuqDbtyjYKtQG4svxwvFhATK6oZXxxoR,2
DdYZcthjpZNxPuwu4TydbT4jvY1ZP8sdSa3RiCuLatEj,2
5G2CqEFKGaETPWiSix3bHtZrQrZV9S7pFBK55udUdLwz,2
6fWqMcK6cXJPKe2Hfhz59KQkAj5MjScU4tYs8XFo5UEn,2
3RFv7eUTuj7nHn6yiiyR3BS1MBujiP2wwJw5VdUCUtUM,2
2CfxR86uA3ekRHxvy5DJ29341XGSh6UDNscMo2sGYyL1,2
9258dLnQFMgoj1PBfqbtM1tVr3yntg7XaEYShsLiQBqN,2
DWEj8V6Sni924eG9hW3SR6kDEppwR6FtDjuuoxoeYkrd,2
AXyYGPsspnnskG29Mo7cDRQANN8FvGfUiSbrp4X6QbhN,2
6DF8miTqP5osSqEx4JQxrSs3fuSnPqH8AKgwR3fomE67,2
UTpyytrku5pMpPbUWPXMVKCSYJydszGA98jquRYp5sN,2
BPwELYGzANnoGbYzedWwDZrU76yjXeNnqSTyQGcnCWVH,2